title,link
activitystarwars,https://datascience4psych.github.io/DataScience4Psych/activity-star-wars.html
apiwrappers,https://datascience4psych.github.io/DataScience4Psych/api-wrappers.html
attribution,https://datascience4psych.github.io/DataScience4Psych/attribution.html
automation,https://datascience4psych.github.io/DataScience4Psych/automation.html
baser,https://datascience4psych.github.io/DataScience4Psych/base-r.html
basicdatacare,https://datascience4psych.github.io/DataScience4Psych/basic-data-care.html
bechdal,https://datascience4psych.github.io/DataScience4Psych/bechdal.html
besselscorrection,https://datascience4psych.github.io/DataScience4Psych/bessels-correction.html
centraltendencymean1,https://datascience4psych.github.io/DataScience4Psych/central-tendency-mean-1.html
centraltendencymean2,https://datascience4psych.github.io/DataScience4Psych/central-tendency-mean-2.html
centraltendencymean,https://datascience4psych.github.io/DataScience4Psych/central-tendency-mean.html
centraltendencymedian1,https://datascience4psych.github.io/DataScience4Psych/central-tendency-median-1.html
centraltendencymedian,https://datascience4psych.github.io/DataScience4Psych/central-tendency-median.html
centraltendencymode,https://datascience4psych.github.io/DataScience4Psych/central-tendency-mode.html
choiceyourownactivity,https://datascience4psych.github.io/DataScience4Psych/choice-your-own-activity.html
classicthingsinr,https://datascience4psych.github.io/DataScience4Psych/classic-things-in-r.html
colophon,https://datascience4psych.github.io/DataScience4Psych/colophon.html
communicatingdatascienceresultseffectively,https://datascience4psych.github.io/DataScience4Psych/communicating-data-science-results-effectively.html
confoundingandspringbreak,https://datascience4psych.github.io/DataScience4Psych/confounding-and-spring-break.html
confoundingcommunicationandspringbreak,https://datascience4psych.github.io/DataScience4Psych/confounding-communication-and-spring-break.html
crossvalidation,https://datascience4psych.github.io/DataScience4Psych/cross-validation.html
dataandethics,https://datascience4psych.github.io/DataScience4Psych/data-and-ethics.html
dataandvisualization,https://datascience4psych.github.io/DataScience4Psych/data-and-visualization.html
dataasrhetoric,https://datascience4psych.github.io/DataScience4Psych/data-as-rhetoric.html
datadivingwithtypes,https://datascience4psych.github.io/DataScience4Psych/data-diving-with-types.html
datascienceandethics,https://datascience4psych.github.io/DataScience4Psych/data-science-and-ethics.html
datatypesandrecoding,https://datascience4psych.github.io/DataScience4Psych/data-types-and-recoding.html
datausuallyfindsme,https://datascience4psych.github.io/DataScience4Psych/data-usually-finds-me.html
datawrangling,https://datascience4psych.github.io/DataScience4Psych/data-wrangling.html
deeperdivingintoggplot2,https://datascience4psych.github.io/DataScience4Psych/deeper-diving-into-ggplot2.html
designingeffectivevisualizations,https://datascience4psych.github.io/DataScience4Psych/designing-effective-visualizations.html
diywebdata,https://datascience4psych.github.io/DataScience4Psych/diy-web-data.html
dontmissmodule00,https://datascience4psych.github.io/DataScience4Psych/dont-miss-module-00.html
dplyrintro,https://datascience4psych.github.io/DataScience4Psych/dplyr-intro.html
exploratorydataanalysis,https://datascience4psych.github.io/DataScience4Psych/exploratory-data-analysis.html
fittingandinterpretingmodels,https://datascience4psych.github.io/DataScience4Psych/fitting-and-interpreting-models.html
functions1,https://datascience4psych.github.io/DataScience4Psych/functions-1.html
functions2,https://datascience4psych.github.io/DataScience4Psych/functions-2.html
functionsoverview,https://datascience4psych.github.io/DataScience4Psych/functions-overview.html
functionspart1,https://datascience4psych.github.io/DataScience4Psych/functions-part1.html
functionspart3,https://datascience4psych.github.io/DataScience4Psych/functions-part3.html
functionspracticum,https://datascience4psych.github.io/DataScience4Psych/functions-practicum.html
goodresources,https://datascience4psych.github.io/DataScience4Psych/good-resources.html
grammarofdatawrangling,https://datascience4psych.github.io/DataScience4Psych/grammar-of-data-wrangling.html
handson,https://datascience4psych.github.io/DataScience4Psych/handson.html
importexport,https://datascience4psych.github.io/DataScience4Psych/import-export.html
importingdata,https://datascience4psych.github.io/DataScience4Psych/importing-data.html
index,https://datascience4psych.github.io/DataScience4Psych/index.html
lab09conveyingtherightmessagethroughvisualisation,https://datascience4psych.github.io/DataScience4Psych/lab-09-conveying-the-right-message-through-visualisation.html
lab09conveyingtherightmessagethroughvisualization,https://datascience4psych.github.io/DataScience4Psych/lab-09-conveying-the-right-message-through-visualization.html
lab09,https://datascience4psych.github.io/DataScience4Psych/lab-09.html
lab01,https://datascience4psych.github.io/DataScience4Psych/lab01.html
lab02,https://datascience4psych.github.io/DataScience4Psych/lab02.html
lab03,https://datascience4psych.github.io/DataScience4Psych/lab03.html
lab04,https://datascience4psych.github.io/DataScience4Psych/lab04.html
lab05,https://datascience4psych.github.io/DataScience4Psych/lab05.html
lab06a,https://datascience4psych.github.io/DataScience4Psych/lab06a.html
lab06b,https://datascience4psych.github.io/DataScience4Psych/lab06b.html
lab07,https://datascience4psych.github.io/DataScience4Psych/lab07.html
lab08,https://datascience4psych.github.io/DataScience4Psych/lab08.html
lab08b,https://datascience4psych.github.io/DataScience4Psych/lab08b.html
lab09,https://datascience4psych.github.io/DataScience4Psych/lab09.html
lab10,https://datascience4psych.github.io/DataScience4Psych/lab10.html
lab11,https://datascience4psych.github.io/DataScience4Psych/lab11.html
lab12,https://datascience4psych.github.io/DataScience4Psych/lab12.html
lab13,https://datascience4psych.github.io/DataScience4Psych/lab13.html
languageofmodels,https://datascience4psych.github.io/DataScience4Psych/language-of-models.html
license,https://datascience4psych.github.io/DataScience4Psych/license.html
machineslearn,https://datascience4psych.github.io/DataScience4Psych/machines-learn.html
mediawithoutahomeyet,https://datascience4psych.github.io/DataScience4Psych/media-without-a-home-yet.html
meetourtoolbox,https://datascience4psych.github.io/DataScience4Psych/meet-our-toolbox.html
merges,https://datascience4psych.github.io/DataScience4Psych/merges.html
modelingnonlinearrelationships1,https://datascience4psych.github.io/DataScience4Psych/modeling-non-linear-relationships-1.html
modelingnonlinearrelationships,https://datascience4psych.github.io/DataScience4Psych/modeling-non-linear-relationships.html
modelingwithmultiplepredictors,https://datascience4psych.github.io/DataScience4Psych/modeling-with-multiple-predictors.html
module08overview,https://datascience4psych.github.io/DataScience4Psych/module-08-overview.html
neuralnetworks,https://datascience4psych.github.io/DataScience4Psych/neural-networks.html
odddesignchoicesindatavisualization,https://datascience4psych.github.io/DataScience4Psych/odd-design-choices-in-data-visualization.html
oddlegacydatatypes,https://datascience4psych.github.io/DataScience4Psych/odd-legacy-data-types.html
oddtransformationsdata,https://datascience4psych.github.io/DataScience4Psych/odd-transformations-data.html
plotsbehavingbadly,https://datascience4psych.github.io/DataScience4Psych/plots-behaving-badly.html
predictionandoverfitting,https://datascience4psych.github.io/DataScience4Psych/prediction-and-overfitting.html
publichealthdashboards,https://datascience4psych.github.io/DataScience4Psych/public-health-dashboards.html
quantifyinguncertainty,https://datascience4psych.github.io/DataScience4Psych/quantifying-uncertainty.html
rbasics,https://datascience4psych.github.io/DataScience4Psych/r-basics.html
rexamples1,https://datascience4psych.github.io/DataScience4Psych/r-examples-1.html
rexamples,https://datascience4psych.github.io/DataScience4Psych/r-examples.html
readingerrorcodes,https://datascience4psych.github.io/DataScience4Psych/reading-error-codes.html
references,https://datascience4psych.github.io/DataScience4Psych/references.html
relationshipbetweenmeanmedianandmode,https://datascience4psych.github.io/DataScience4Psych/relationship-between-mean-median-and-mode.html
rshiny,https://datascience4psych.github.io/DataScience4Psych/rshiny.html
sciencecommunicationandwebscraping,https://datascience4psych.github.io/DataScience4Psych/science-communication-and-web-scraping.html
scientificstudiesandconfounding,https://datascience4psych.github.io/DataScience4Psych/scientific-studies-and-confounding.html
scrapingtheweb,https://datascience4psych.github.io/DataScience4Psych/scraping-the-web.html
secrets,https://datascience4psych.github.io/DataScience4Psych/secrets.html
shinyoverview,https://datascience4psych.github.io/DataScience4Psych/shiny-overview.html
shinyresources,https://datascience4psych.github.io/DataScience4Psych/shiny-resources.html
shorthappygit,https://datascience4psych.github.io/DataScience4Psych/shorthappygit.html
sitemap,https://datascience4psych.github.io/DataScience4Psych/sitemap.html
specialtopicsmachinelearn,https://datascience4psych.github.io/DataScience4Psych/special-topics-machine-learn.html
specificmeasuresofcentraltendency,https://datascience4psych.github.io/DataScience4Psych/specific-measures-of-central-tendency.html
specificmeasures,https://datascience4psych.github.io/DataScience4Psych/specific-measures.html
spreadaroundthemean,https://datascience4psych.github.io/DataScience4Psych/spread-around-the-mean.html
starwarsactivity,https://datascience4psych.github.io/DataScience4Psych/star-wars-activity.html
syllabus,https://datascience4psych.github.io/DataScience4Psych/syllabus.html
thoughtfulworkflow,https://datascience4psych.github.io/DataScience4Psych/thoughtful-workflow.html
thoughtsfromhadleywickhamontidyverse,https://datascience4psych.github.io/DataScience4Psych/thoughts-from-hadley-wickham-on-tidyverse.html
tidydata,https://datascience4psych.github.io/DataScience4Psych/tidy-data.html
tipsforeffectivedatavisualization,https://datascience4psych.github.io/DataScience4Psych/tips-for-effective-data-visualization.html
variabilityspread,https://datascience4psych.github.io/DataScience4Psych/variabilityspread.html
visualizationexamples,https://datascience4psych.github.io/DataScience4Psych/visualization-examples.html
visualizingcategoricaldata,https://datascience4psych.github.io/DataScience4Psych/visualizing-categorical-data.html
visualizingdatawithggplot2,https://datascience4psych.github.io/DataScience4Psych/visualizing-data-with-ggplot2.html
visualizingnumericaldata,https://datascience4psych.github.io/DataScience4Psych/visualizing-numerical-data.html
webscrapingandsciencecommunications,https://datascience4psych.github.io/DataScience4Psych/web-scraping-and-science-communications.html
webscraping,https://datascience4psych.github.io/DataScience4Psych/web-scraping.html
welcometobaser,https://datascience4psych.github.io/DataScience4Psych/welcome-to-base-r.html
welcometocrossvalidation,https://datascience4psych.github.io/DataScience4Psych/welcome-to-cross-validation.html
welcometodataandethics,https://datascience4psych.github.io/DataScience4Psych/welcome-to-data-and-ethics.html
welcometodataandvisualization,https://datascience4psych.github.io/DataScience4Psych/welcome-to-data-and-visualization.html
welcometodatadivingwithtypes,https://datascience4psych.github.io/DataScience4Psych/welcome-to-data-diving-with-types.html
welcometodatascience,https://datascience4psych.github.io/DataScience4Psych/welcome-to-data-science.html
welcometofittingandinterpretingmodels,https://datascience4psych.github.io/DataScience4Psych/welcome-to-fitting-and-interpreting-models.html
welcometofunctionsandautomation,https://datascience4psych.github.io/DataScience4Psych/welcome-to-functions-and-automation.html
welcometopredictionandoverfitting,https://datascience4psych.github.io/DataScience4Psych/welcome-to-prediction-and-overfitting.html
welcometoquantifyinguncertainty,https://datascience4psych.github.io/DataScience4Psych/welcome-to-quantifying-uncertainty.html
welcometothetidyverse,https://datascience4psych.github.io/DataScience4Psych/welcome-to-the-tidyverse.html
welcometotipsforeffectivedatavisualization,https://datascience4psych.github.io/DataScience4Psych/welcome-to-tips-for-effective-data-visualization.html
welcometowebscraping,https://datascience4psych.github.io/DataScience4Psych/welcome-to-web-scraping.html
whatisdatascience,https://datascience4psych.github.io/DataScience4Psych/what-is-data-science.html
workingwithmultipledataframes,https://datascience4psych.github.io/DataScience4Psych/working-with-multiple-data-frames.html
d01_welcome,https://datascience4psych.github.io/slides/d01_welcome/d01_welcome.html
d02_toolkit,https://datascience4psych.github.io/slides/d02_toolkit/d02_toolkit.html
d03_dataviz,https://datascience4psych.github.io/slides/d03_dataviz/d03_dataviz.html
d04_ggplot2,https://datascience4psych.github.io/slides/d04_ggplot2/d04_ggplot2.html
d05_viznum,https://datascience4psych.github.io/slides/d05_viznum/d05_viznum.html
d06_vizcat,https://datascience4psych.github.io/slides/d06_vizcat/d06_vizcat.html
d07_tidy,https://datascience4psych.github.io/slides/d07_tidy/d07_tidy.html
d08_grammar,https://datascience4psych.github.io/slides/d08_grammar/d08_grammar.html
d09_wrangle,https://datascience4psych.github.io/slides/d09_wrangle/d09_wrangle.html
d10_dfs,https://datascience4psych.github.io/slides/d10_dfs/d10_dfs.html
d11_types,https://datascience4psych.github.io/slides/d11_types/d11_types.html
d12_import,https://datascience4psych.github.io/slides/d12_import/d12_import.html
d13_goodviz,https://datascience4psych.github.io/slides/d13_goodviz/d13_goodviz.html
d13b_moreggplot,https://datascience4psych.github.io/slides/d13_goodviz/d13b_moreggplot.html
d14_confound,https://datascience4psych.github.io/slides/d14_confound/d14_confound.html
d15_goodtalk,https://datascience4psych.github.io/slides/d15_goodtalk/d15_goodtalk.html
d16_webscraping,https://datascience4psych.github.io/slides/d16_webscraping/d16_webscraping.html
d17_functions,https://datascience4psych.github.io/slides/d17_functions/d17_functions.html
d18_ethics,https://datascience4psych.github.io/slides/d18_ethics/d18_ethics.html
d19_bias,https://datascience4psych.github.io/slides/d19_bias/d19_bias.html
d20_language,https://datascience4psych.github.io/slides/d20_language/d20_language.html
d21_fitting,https://datascience4psych.github.io/slides/d21_fitting/d21_fitting.html
d22_nonlinear,https://datascience4psych.github.io/slides/d22_nonlinear/d22_nonlinear.html
d23_multiple,https://datascience4psych.github.io/slides/d23_multiple/d23_multiple.html
d23_multiple,https://datascience4psych.github.io/slides/d23_multiple/d23_multiple_files/figure-html/widgets/widget_plotly-plot.html
index,https://datascience4psych.github.io/slides/index.html
